{"cameraMode":{"drawMode":0,"name":"Shaded","section":"Shading Mode"},"sceneLighting":false,"audioPlay":false,"sceneViewState":{"showFog":true,"showMaterialUpdate":false,"showSkybox":false,"showFlares":true,"showImageEffects":true,"showParticleSystems":true},"in2DMode":false,"pivot":{"x":1.0651679039001465,"y":6.04094123840332,"z":4.933248519897461},"rotation":{"x":0.012646439485251904,"y":0.9865049719810486,"z":-0.1343037337064743,"w":0.0928606316447258},"size":1.2247449159622193,"orthographic":false}